code,system
020400040BDAAAA,bnf
0204000E0BCACAB,bnf
0204000E0BCAEAG,bnf
0205010N0BBABAB,bnf
0205051L0BEABAB,bnf
0205051S0AAABAB,bnf
0205052ACBBABAB,bnf
0206020A0BBAAAA,bnf
0205052ACAAABAB,bnf
0205051F0AAAIAI,bnf
0202040C0BGAAAA,bnf
0206020F0BEAAAB,bnf
0204000H0BGAAAA,bnf
0204000Q0AAABAB,bnf
0205040S0AAAEAE,bnf
0206020F0BDAAAB,bnf
0205051R0BCABAC,bnf
0205051Q0BCAAAA,bnf
0206020F0BHAAAB,bnf
0206020F0BFAAAB,bnf
0204000X0AAABAB,bnf
0206020Z0AAABAB,bnf
0205052ABBBABAB,bnf
0206020F0BIAAAB,bnf
0205051Z0BBAAAA,bnf
0205051Q0AAAAAA,bnf
0204000H0BJAAAA,bnf
0205040V0AAACAC,bnf
0204000X0AAAAAA,bnf
0202040S0AAAPAP,bnf
0205052I0AAAAAA,bnf
0206020F0BIAEAB,bnf
0202010B0BFAAAC,bnf
0205052I0BEAAAA,bnf
0204000Q0BCAAAB,bnf
0202040B0BDAAAA,bnf
0205051Y0BBABAB,bnf
0205040V0BBACAC,bnf
0204000H0BCAAAA,bnf
0206020F0BJAAAB,bnf
0205051L0AAABAB,bnf
0202040B0BCAAAA,bnf
0206020Z0BBABAB,bnf
0204000H0BFADAA,bnf
0206020F0BGAAAB,bnf
0204000P0BBAAAA,bnf
0202030C0AAACAC,bnf
0202040D0BBAAAA,bnf
0206020F0BBAAAB,bnf
0205051R0BBAHAM,bnf
0202040B0BHAAAA,bnf
0205051I0BBABAB,bnf
0206020A0BFAAAA,bnf
0205052I0BDAAAA,bnf
0206020Z0AAAAAA,bnf
0205051E0AAAEAE,bnf
0205052I0BBAAAA,bnf
0205051L0BCABAB,bnf
0205040S0BCACAE,bnf
0205052ACBBADAD,bnf
0202040C0BDAAAA,bnf
0205052ABAAABAB,bnf
0206020A0AAAAAA,bnf
0206020Z0BBAAAA,bnf
0205052ACAAADAD,bnf
0204000H0AAAAAA,bnf
0204000E0AAADAD,bnf
0202010B0AAACAC,bnf
0205051R0AAACAC,bnf
0205051R0AAAMAM,bnf
0204000H0AAALAL,bnf
0205051Y0AAABAB,bnf
0202010B0BBABAC,bnf
0206020F0BIACAB,bnf
0205051ABAAAAAA,bnf
0205051S0BBABAB,bnf
0205051ACAAAAAA,bnf
0205051I0AAABAB,bnf
0202010B0BEAAAC,bnf
0205051W0AAABAB,bnf
0202040B0BGAAAA,bnf
0205052ABAAAAAA,bnf
0205052ABBBAAAA,bnf
0202040B0AAAAAA,bnf
0202030C0BEAAAC,bnf
0206020F0BLAAAB,bnf
0205040V0BCABAC,bnf
0206020F0AAABAB,bnf
0205052ACBBAAAA,bnf
0206020R0AAAAAA,bnf
0202040D0AAAAAA,bnf
0205051Q0BBAAAA,bnf
0206020F0BKAAAB,bnf
0202040C0AAAAAA,bnf
0205052ACAAAAAA,bnf
0204000H0BBAAAA,bnf
0204000H0BFAEAL,bnf
0205051C0BBAAAA,bnf
0204000H0BIAAAA,bnf
0205051ACAAADAD,bnf
0205051L0BBABAB,bnf
0205051Z0AAAAAA,bnf
0202040C0BBAAAA,bnf
0205051W0BBABAB,bnf
0205051E0BBAEAE,bnf
0205051AAAAABAB,bnf
0204000P0AAAAAA,bnf
0205051R0BBACAC,bnf
0206020R0BBAAAA,bnf
0205051C0AAAAAA,bnf
0205010N0AAABAB,bnf
0202040B0BBAAAA,bnf
0209000A0AAAKAK,bnf
0209000A0BQAAAB,bnf
0209000Y0BCAAAA,bnf
0209000Y0BBAAAA,bnf
0209000A0BRAAAB,bnf
0209000A0BKAAAK,bnf
0209000A0BPAAAK,bnf
0209000A0AAA7A7,bnf
0209000A0AAABAB,bnf
0209000C0BDAAAA,bnf
0209000C0BBAAAA,bnf
0209000C0AAAAAA,bnf
0209000A0BIAAAK,bnf
0209000A0BLAAAK,bnf
0209000Y0AAAAAA,bnf
0209000A0BMAAAK,bnf
0209000A0AAAJAJ,bnf
0209000A0BNAAAB,bnf
0208020Z0BBABAB,bnf
0208020X0AAAAAA,bnf
0208020X0BBAAAA,bnf
0208020Z0AAABAB,bnf
0208020V0BBACAD,bnf
0208020V0AAADAD,bnf
0208020V0AABDBD,bnf
0212000AIBBAAAA,bnf
0212000AFBBAAAA,bnf
0212000AABBADAD,bnf
0212000AAAAADAD,bnf
0212000AIAAAAAA,bnf
0212000AFAAAAAA,bnf
0601021P0AAABAB,bnf
0601021H0BBAAAB,bnf
0601021P0BBAAAB,bnf
0601021H0BDABAB,bnf
0601021H0BKABAB,bnf
0601023ACAAAAAA,bnf
0601023AEAAAAAA,bnf
0601023ACBBAAAA,bnf
0601023AYBBABAB,bnf
0601023ARAAAAAA,bnf
0601023AYAAAAAA,bnf
0601023AVBBAAAA,bnf
0601023AQAAAAAA,bnf
0601023AGBBAAAA,bnf
0601023AYAAABAB,bnf
0601023AEBBAAAA,bnf
0601021H0AAABAB,bnf
0601023ARAAABAB,bnf
0601023ARBBABAB,bnf
0601023AYBBAAAA,bnf
0601023ALAAAAAA,bnf
0601023AVAAAAAA,bnf
0601023ALAAABAB,bnf
0601023ARBBAAAA,bnf
0601023AGAAAAAA,bnf
0601021P0BCADAB,bnf
0601023AQBBAAAA,bnf
0601023AXBBAAAA,bnf
0204000ABBCAAAA,bnf
0202020D0AAAFAF,bnf
0202020U0AAABAB,bnf
0204000ABBBAAAA,bnf
0202020D0BBABAF,bnf
0202020U0BBABAB,bnf
0204000ABAAAAAA,bnf
0206030Y0AAAAAA,bnf
0206010I0AAAKAK,bnf
0206030Y0AAABAB,bnf
0206010F0BIADAN,bnf
0206010W0AAAAAA,bnf
0206010F0AAANAN,bnf
0206010I0BLAAAK,bnf
0206040AAAAAAAA,bnf
0202010P0BHAAAD,bnf
0202010P0BGAAAD,bnf
0202010P0AAAFAF,bnf
0204000P0AAABAB,bnf
0202010P0BLAAAD,bnf
0202010P0BPAAAD,bnf
0202010P0AAADAD,bnf
0202010P0BQAAAD,bnf
0204000P0BBABAB,bnf
0202010P0BMAAAD,bnf
0205051C0AAABAB,bnf
0202010P0BIAAAD,bnf
0202010P0BNAAAD,bnf
0202010P0BJAAAD,bnf
0202010P0BKAAAD,bnf
0205051C0BBABAB,bnf
0205051F0AABKBK,bnf
0202010P0BBABAD,bnf
0208020Y0AAABAB,bnf
0208020Y0BBABAB,bnf
0208020Y0AAAEAE,bnf
0208020Y0BBAEAE,bnf
0208020AAAAAAAA,bnf
0208020AABBAAAA,bnf
0212000V0AAABAB,bnf
0601023B0BDACAA,bnf
0601023B0BBAAAA,bnf
0601023B0BCADAA,bnf
0601023AQBBABAB,bnf
0601023W0BBAAAA,bnf
0601023B0AAAAAA,bnf
0601023AQAAABAB,bnf
0601023W0AAAAAA,bnf
0601023B0BEAAAA,bnf
0601023B0BCAAAA,bnf
0205051U0BBABAB,bnf
0205051U0BBACAC,bnf
0205051U0BBADAF,bnf
0206020R0CHAAAN,bnf
0205052C0AAAKAK,bnf
0202010D0AABCBC,bnf
0202030S0AAEAEA,bnf
0205040M0AAAMAM,bnf
0202030S0AADQDQ,bnf
0202030S0AADSDS,bnf
0204000R0AADGDG,bnf
0204000K0AAANAN,bnf
0206020T0AAA1A1,bnf
0204000H0AABJBJ,bnf
0205051F0AADSDS,bnf
0202030C0AAAYAY,bnf
0205051F0AADMDM,bnf
0205040S0AAAIAI,bnf
0202010D0AABNBN,bnf
0204000K0AABMBM,bnf
0205010J0AABEBE,bnf
0205020H0AAAJAJ,bnf
0206020R0AABQBQ,bnf
0202010D0AABQBQ,bnf
0204000H0AABDBD,bnf
0205010J0AAA8A8,bnf
0206020R0AABCBC,bnf
0205051F0AADFDF,bnf
0204000K0AABBBB,bnf
0205040D0AABABA,bnf
0204000R0AACKCK,bnf
0206020C0AAARAR,bnf
0202010D0AACHCH,bnf
0204000M0AAAKAK,bnf
0206020K0AAADAD,bnf
0204000H0AAAEAE,bnf
0202040B0AAALAL,bnf
0206020A0AAALAL,bnf
0205051L0AAAMAM,bnf
0202010D0AACZCZ,bnf
0205051F0AACCCC,bnf
0204000M0AAAJAJ,bnf
0205051F0BIAADZ,bnf
0206020A0AAAUAU,bnf
0202030C0BFAAAS,bnf
0202030S0AADVDV,bnf
0205020H0AAALAL,bnf
0205051I0AAAZAZ,bnf
0205010J0AABPBP,bnf
0205010J0AABSBS,bnf
0205051F0AABXBX,bnf
0205010J0AABHBH,bnf
0204000K0AAARAR,bnf
0206020C0AABFBF,bnf
0202030S0AADIDI,bnf
0205051F0AACKCK,bnf
0205051F0AACICI,bnf
0202010L0AAASAS,bnf
0202010D0AADGDG,bnf
0202010D0AABVBV,bnf
0202010D0AABDBD,bnf
0202030C0AAA4A4,bnf
0202010D0AABFBF,bnf
0205052I0AAAMAM,bnf
0202030C0AAAXAX,bnf
0205051I0AAAYAY,bnf
0206020R0BTAAAS,bnf
0202030S0AADHDH,bnf
0205040M0AAAPAP,bnf
0202010D0AACLCL,bnf
0204000M0AAAHAH,bnf
0205051F0AADZDZ,bnf
0205051F0AADEDE,bnf
0202010D0AACUCU,bnf
0202030S0AACVCV,bnf
0205051R0AAATAT,bnf
0205051R0AAAFAF,bnf
0204000H0AABEBE,bnf
0206020A0AAACAC,bnf
0205051I0AABYBY,bnf
0205051F0AACNCN,bnf
0202030S0AAECEC,bnf
0205052I0AAAJAJ,bnf
0205052I0AAAKAK,bnf
0205051F0AACACA,bnf
0206020A0AAAGAG,bnf
0206020R0AABKBK,bnf
0205010J0AAA4A4,bnf
0202010L0AAAKAK,bnf
0202010L0AAAPAP,bnf
0205051R0AAAJAJ,bnf
0205020H0AAAKAK,bnf
0205051R0AAAHAH,bnf
0204000K0AABJBJ,bnf
0202010D0AABKBK,bnf
0206020T0AABABA,bnf
0205052N0AAAGAG,bnf
0204000R0AACWCW,bnf
0206020T0BKAAAV,bnf
0202040S0AAABAB,bnf
0205051I0AAASAS,bnf
0204000H0AABIBI,bnf
0205051R0AAAEAE,bnf
0202010D0AADBDB,bnf
0202010L0AAAUAU,bnf
0206020A0AAANAN,bnf
0205040D0AAAYAY,bnf
0202010D0AACPCP,bnf
0202010D0AABGBG,bnf
0206020R0AABDBD,bnf
0205051F0AACJCJ,bnf
0205051L0AAAQAQ,bnf
0202010D0AABJBJ,bnf
0202030S0AADADA,bnf
0204000K0AAAMAM,bnf
0204000M0AAALAL,bnf
0202010D0AABEBE,bnf
0204000M0AAAFAF,bnf
0205051I0AAAWAW,bnf
0206020C0AABGBG,bnf
0206020R0AABLBL,bnf
0205051L0AAARAR,bnf
0204000R0BVADDB,bnf
0204000R0AACUCU,bnf
0202010L0AAAXAX,bnf
0206020F0AAAHAH,bnf
0205052I0AAAGAG,bnf
0202010D0AACRCR,bnf
0205051F0AACXCX,bnf
0206020T0AABFBF,bnf
0205010J0AABABA,bnf
0202030S0AACYCY,bnf
0204000K0AABABA,bnf
0205040D0AAAXAX,bnf
0204000R0AACMCM,bnf
0202010B0AAAQAQ,bnf
0204000K0AAAQAQ,bnf
0204000M0AAAIAI,bnf
0206020T0AAAVAV,bnf
0205051I0AABTBT,bnf
0204000N0AAALAL,bnf
0205040D0AAASAS,bnf
0206020R0AAASAS,bnf
0205051F0AACGCG,bnf
0205051L0AAAHAH,bnf
0206020R0AABRBR,bnf
0205040D0AAAWAW,bnf
0204000R0AADBDB,bnf
0205040S0AAAJAJ,bnf
0202030C0AABBBB,bnf
0202030S0AAEBEB,bnf
0205051F0AACHCH,bnf
0202030C0AAA5A5,bnf
0202010D0AACECE,bnf
0205051I0AABNBN,bnf
0205040S0AAANAN,bnf
0204000R0AACZCZ,bnf
0204000E0AAAQAQ,bnf
0206020C0AABHBH,bnf
0204000E0AAARAR,bnf
0205010J0AABIBI,bnf
0206020R0AAAUAU,bnf
0202030S0AADJDJ,bnf
0205051R0AAAGAG,bnf
0205010J0AABFBF,bnf
0205051L0AAAYAY,bnf
0204000K0AAAWAW,bnf
0205010J0AABQBQ,bnf
0205010J0AABBBB,bnf
0205051I0AAATAT,bnf
0205052N0BBAEAI,bnf
0202010D0AABXBX,bnf
0206020T0AABHBH,bnf
0205051I0AACBCB,bnf
0204000M0AAADAD,bnf
0206020R0AABMBM,bnf
0204000E0AAAMAM,bnf
0205051F0AABVBV,bnf
0204000R0BVAACW,bnf
0205051L0AAANAN,bnf
0204000R0AACSCS,bnf
0205052N0AAAJAJ,bnf
0205051R0AAAVAV,bnf
0202010D0AACICI,bnf
0202010D0AABTBT,bnf
0205051F0AAEAEA,bnf
0202030S0AACWCW,bnf
0202010L0AAAMAM,bnf
0202010L0AAATAT,bnf
0202030S0AAEEEE,bnf
0205040D0AAAPAP,bnf
0204000K0AABHBH,bnf
0202030C0AABDBD,bnf
0206020T0AABDBD,bnf
0204000E0AAAPAP,bnf
0206020Q0AAAFAF,bnf
0202030S0AACUCU,bnf
0205052C0AAAJAJ,bnf
0205010J0AAA7A7,bnf
020400040AAACAC,bnf
0202010F0AAAKAK,bnf
0202030C0AAASAS,bnf
0205040D0AAAVAV,bnf
0205051I0AABFBF,bnf
0205051F0AACLCL,bnf
0205020H0AAAIAI,bnf
0202030S0AADDDD,bnf
0205051F0AACFCF,bnf
0202030S0AACMCM,bnf
0205010J0AABRBR,bnf
0205051F0AADLDL,bnf
0204000H0AABGBG,bnf
0202030S0AACQCQ,bnf
0202010D0AABWBW,bnf
0205051F0BCAFCT,bnf
0205010J0AAA9A9,bnf
0206020C0AABEBE,bnf
0205052Q0AAADAD,bnf
0202030S0AADXDX,bnf
0204000K0AAAPAP,bnf
0202040B0AAAIAI,bnf
0204000E0AAAAAA,bnf
0204000R0BVACCY,bnf
0202040C0AAACAC,bnf
0204000R0AACYCY,bnf
0205020H0AAAHAH,bnf
0205052V0AAAEAE,bnf
0204000K0AAASAS,bnf
0204000R0AACXCX,bnf
0206020T0AAAZAZ,bnf
0206020A0AAATAT,bnf
0205051L0AAAGAG,bnf
0204000R0AACNCN,bnf
0205051I0AAAVAV,bnf
0205051F0AABZBZ,bnf
0205040D0AAAHAH,bnf
0206020R0AABJBJ,bnf
0205010J0AAA6A6,bnf
0205051L0AAATAT,bnf
0205051F0AACDCD,bnf
0204000R0AACHCH,bnf
0205051M0AAAHAH,bnf
0202010D0AAAUAU,bnf
0205051I0AAAPAP,bnf
0204000R0AACRCR,bnf
0205040S0AAAKAK,bnf
0202030S0AADKDK,bnf
0202010D0AACWCW,bnf
0206020C0AABIBI,bnf
0202010L0AAAQAQ,bnf
0205052N0AAAKAK,bnf
0205051F0AADPDP,bnf
0204000R0AADHDH,bnf
0205051I0AABLBL,bnf
0206020R0AABNBN,bnf
0202010D0BCAAAU,bnf
0205051I0AAAXAX,bnf
0202010L0AAANAN,bnf
0204000K0AABLBL,bnf
0205051F0AABNBN,bnf
0202010B0AAAWAW,bnf
0202010D0AACTCT,bnf
0205051I0AABCBC,bnf
0205051I0AABZBZ,bnf
0204000R0AADDDD,bnf
0205051I0AABQBQ,bnf
0205040D0AAATAT,bnf
0204000K0AABCBC,bnf
0204000K0AABGBG,bnf
0205052I0AAAFAF,bnf
0202030S0AACXCX,bnf
0202030C0AABABA,bnf
0205051F0AACZCZ,bnf
0202030S0AADEDE,bnf
0204000K0AAAYAY,bnf
0205051F0AACYCY,bnf
0204000K0AAAZAZ,bnf
0202010D0AACJCJ,bnf
0205052N0AAAEAE,bnf
0205051M0AAAMAM,bnf
0206020T0AAA3A3,bnf
0205051L0AAAZAZ,bnf
0202030S0AADUDU,bnf
0202010D0AADDDD,bnf
0202030S0AADCDC,bnf
0204000H0AABHBH,bnf
0205051I0AABBBB,bnf
0205052N0AAAFAF,bnf
0204000M0AAAEAE,bnf
0205051F0AABWBW,bnf
0205051F0AABSBS,bnf
0202030S0AACZCZ,bnf
0202030S0AADLDL,bnf
0205040D0AAAKAK,bnf
0204000K0AAATAT,bnf
0204000K0AABIBI,bnf
0202030S0AAEFEF,bnf
0205052V0AAAJAJ,bnf
0205051F0AABPBP,bnf
0202030C0AAA8A8,bnf
0204000H0AABBBB,bnf
0205051F0AAAHAH,bnf
0205051L0AAAIAI,bnf
0205051F0AADGDG,bnf
0202010D0AACMCM,bnf
0205052B0AAADAD,bnf
0206020T0AABEBE,bnf
0205051F0AADQDQ,bnf
0205051I0AABSBS,bnf
0204000R0BVABCX,bnf
0206020A0AAAMAM,bnf
0204000K0AABFBF,bnf
0202010D0AADCDC,bnf
0205051F0AABRBR,bnf
0206020R0AABPBP,bnf
0205051I0AABWBW,bnf
0205051F0AACUCU,bnf
0205051F0AACTCT,bnf
0206020C0AABBBB,bnf
0202030C0AAAZAZ,bnf
0202030C0AAA2A2,bnf
0202030C0AAA1A1,bnf
0206020C0AAAZAZ,bnf
0205040D0AAAIAI,bnf
0206020R0AABHBH,bnf
0205051I0AACACA,bnf
0202040B0AAAMAM,bnf
0205051L0AAAJAJ,bnf
0206020R0AABGBG,bnf
0205051M0AAACAC,bnf
0205010J0AABTBT,bnf
0205040D0AAAZAZ,bnf
0205051L0AAAKAK,bnf
0205051F0AADADA,bnf
0202010D0AABHBH,bnf
0202010D0AACBCB,bnf
0202030C0AAA3A3,bnf
0202030S0AACPCP,bnf
0204000R0AACQCQ,bnf
0202030S0AACTCT,bnf
0202030S0AAEDED,bnf
020400060AAACAC,bnf
0206020T0AAA2A2,bnf
0202030C0AABEBE,bnf
0204000E0AAASAS,bnf
0206020T0AABGBG,bnf
0202010B0AAAVAV,bnf
0204000R0AADEDE,bnf
0204000H0AAARAR,bnf
0205051M0AAAJAJ,bnf
0205010J0AAA3A3,bnf
0202010P0AAABAB,bnf
0202010D0AADEDE,bnf
0205010J0AAA5A5,bnf
0202030S0AADTDT,bnf
0205040D0AAAUAU,bnf
0204000R0AACJCJ,bnf
0202030C0AAA6A6,bnf
0206020M0AAACAC,bnf
0204000H0AABFBF,bnf
0205051M0AAAKAK,bnf
0202010B0AAAUAU,bnf
0205051I0AAAJAJ,bnf
0205010J0AABLBL,bnf
0202010L0AAAJAJ,bnf
0205051I0AAAUAU,bnf
0205051I0AABVBV,bnf
0202010D0AABZBZ,bnf
0204000R0AADADA,bnf
0205051F0AADNDN,bnf
0202010D0AACSCS,bnf
0202010D0AABPBP,bnf
0202040B0AAAHAH,bnf
0206020A0AAAFAF,bnf
0205052N0AAALAL,bnf
0202030S0AACRCR,bnf
0205052V0BBAFAJ,bnf
0205051F0AADCDC,bnf
0205051F0BIABEA,bnf
0205051F0AADJDJ,bnf
0204000R0AACICI,bnf
0202010D0AABMBM,bnf
0202010D0AABBBB,bnf
0204000M0AAAGAG,bnf
0204000K0AABKBK,bnf
0202010D0AABUBU,bnf
0205051F0AACRCR,bnf
0202010D0AACGCG,bnf
0204000M0AAACAC,bnf
0202030S0AADBDB,bnf
0205052C0AAAIAI,bnf
0202030S0AADGDG,bnf
0202010L0AAALAL,bnf
0206020F0AAAIAI,bnf
0202040B0AAAJAJ,bnf
0204000E0AAANAN,bnf
0205051J0AAACAC,bnf
0202010B0AAAXAX,bnf
0204000R0AACLCL,bnf
0206020C0AABCBC,bnf
0205051F0AABYBY,bnf
0205051I0AAARAR,bnf
0206020F0AAAGAG,bnf
0205051U0AAAGAG,bnf
0205052I0AAAIAI,bnf
0205051F0AABTBT,bnf
0205051F0AACECE,bnf
0205051M0AAALAL,bnf
0204000H0AAASAS,bnf
0202010B0AAASAS,bnf
0205051M0AAADAD,bnf
0202030S0AADPDP,bnf
0202030S0AADMDM,bnf
0202010L0AAAVAV,bnf
0206020A0AAADAD,bnf
0204000R0AACTCT,bnf
0202010D0AABIBI,bnf
0205052V0AAAGAG,bnf
0202030C0AABCBC,bnf
0205040M0AAANAN,bnf
0205051L0AAASAS,bnf
0205052N0AAAIAI,bnf
0205052W0AAADAD,bnf
0205051F0AADDDD,bnf
0204000R0AACPCP,bnf
0202010D0AACNCN,bnf
0205052I0AAALAL,bnf
0202010D0AACKCK,bnf
0202010D0AACDCD,bnf
0209000C0AAADAD,bnf
0209000C0AAAPAP,bnf
0209000C0AAALAL,bnf
0209000A0AABABA,bnf
0209000C0AAASAS,bnf
0209000L0AAAQAQ,bnf
0209000L0AAANAN,bnf
0209000L0AAAZAZ,bnf
0209000C0AAAMAM,bnf
0209000L0AAALAL,bnf
0209000L0AAAIAI,bnf
0209000A0AAA5A5,bnf
0209000A0AABBBB,bnf
0209000C0AAARAR,bnf
0209000A0AACCCC,bnf
0209000L0AAAJAJ,bnf
0209000C0AAAFAF,bnf
0209000C0AAACAC,bnf
0209000A0AABGBG,bnf
0209000L0AAAHAH,bnf
0209000C0AAAIAI,bnf
0209000A0AABHBH,bnf
0209000C0AAAKAK,bnf
0209000C0AAAQAQ,bnf
0209000A0AABIBI,bnf
0209000L0AAATAT,bnf
0209000A0AABEBE,bnf
0209000L0AAAYAY,bnf
0209000L0AAAUAU,bnf
0209000A0AABJBJ,bnf
0209000A0AACDCD,bnf
0209000L0AAAKAK,bnf
0209000L0AAAPAP,bnf
0209000L0AAASAS,bnf
0209000C0AAAJAJ,bnf
0209000A0AAA4A4,bnf
0209000A0AABFBF,bnf
0209000L0AAARAR,bnf
0209000C0AAANAN,bnf
0208020V0AAAMAM,bnf
0208020V0AABBBB,bnf
0208020V0AAAXAX,bnf
0208020V0AAAWAW,bnf
0208020V0AAATAT,bnf
0208020V0AAAJAJ,bnf
0208020V0AAAPAP,bnf
0208020V0AAAIAI,bnf
0208020V0AAARAR,bnf
0208020V0AAAVAV,bnf
0208020V0AAAKAK,bnf
0208020V0AAANAN,bnf
0208020V0AAAUAU,bnf
0212000AAAAAEAE,bnf
0212000Y0AAAKAK,bnf
0212000X0AAALAL,bnf
0212000F0AAABAB,bnf
0212000Y0AAALAL,bnf
0212000D0AAACAC,bnf
0212000V0AAAAAA,bnf
0212000F0AAAGAG,bnf
0212000Y0AAAMAM,bnf
0212000F0BBACAE,bnf
0212000Y0AAAPAP,bnf
0212000B0AAAQAQ,bnf
0212000U0AAAZAZ,bnf
0212000X0AAAKAK,bnf
0212000X0AAAHAH,bnf
0212000B0AAAHAH,bnf
0212000P0AAAGAG,bnf
0212000B0AAAGAG,bnf
0212000F0BBAAAB,bnf
0212000Y0AAAFAF,bnf
0212000B0AAAIAI,bnf
0212000Y0AAAGAG,bnf
0212000X0AAAMAM,bnf
0212000F0AAAEAE,bnf
0212000B0AAAFAF,bnf
0601021H0BNABAP,bnf
0601021H0AAAMAM,bnf
0601023B0AAAFAF,bnf
0601021M0AAAHAH,bnf
0601021M0AAAIAI,bnf
0601021M0AAAPAP,bnf
0601021H0AAAJAJ,bnf
0601021M0AAAGAG,bnf
0601022B0AAAYAY,bnf
0601022B0AAAXAX,bnf
0601021M0AAASAS,bnf
0601021M0AAAJAJ,bnf
0601022B0AAALAL,bnf
0601021A0AAAHAH,bnf
0601023B0AAAEAE,bnf
0601021X0AAALAL,bnf
0601023X0AAAEAE,bnf
0601021H0AAAQAQ,bnf
0601022B0AAAZAZ,bnf
0601021X0AAAJAJ,bnf
0601021H0AAAKAK,bnf
0601021H0BNADAQ,bnf
0601021A0AAAGAG,bnf
0601021M0AAALAL,bnf
0601021E0AAADAD,bnf
0601021H0AAAPAP,bnf
0601021X0AAAKAK,bnf
0601022B0BBAFAW,bnf
0601023B0AAADAD,bnf
0601022B0AAARAR,bnf
0601023X0AAADAD,bnf
0601021H0AAANAN,bnf
0601021H0AAAIAI,bnf
0601022B0AAAKAK,bnf
0601022B0AAAJAJ,bnf
0601022B0AAANAN,bnf
0601022B0BHAAAR,bnf
0601022B0AAAIAI,bnf
0601022B0AAAMAM,bnf
0601022B0AAAWAW,bnf
0601021H0BNACAQ,bnf
0601021M0AAAUAU,bnf
0601021H0BNAAAP,bnf
0601021M0AAANAN,bnf
0601022B0BBAGAX,bnf
0202020L0AACYCY,bnf
0202020L0AACKCK,bnf
0202020L0AACCCC,bnf
0202020L0AABQBQ,bnf
0202020L0BZAABQ,bnf
0202020L0AABNBN,bnf
0202020L0AACHCH,bnf
0202020L0AACMCM,bnf
0202020L0AACECE,bnf
020400080AAADAD,bnf
0202020L0AACJCJ,bnf
0202020L0AABZBZ,bnf
020400080AAAPAP,bnf
0202020L0AACBCB,bnf
0202020D0AAAGAG,bnf
0202020L0AABXBX,bnf
0202020L0AACPCP,bnf
0202020L0AADFDF,bnf
0202020L0AACNCN,bnf
0202020L0AACRCR,bnf
020400080AAAMAM,bnf
0202020L0BGAAAT,bnf
0202020L0AACTCT,bnf
0202020L0AACGCG,bnf
0202020L0AADDDD,bnf
0202020L0AACDCD,bnf
0202020L0AACLCL,bnf
0202020L0AAATAT,bnf
0202020L0AADADA,bnf
0202020L0AACFCF,bnf
0202020D0AAADAD,bnf
0202020L0BZABBN,bnf
0202020L0AACXCX,bnf
0202020L0BZACBP,bnf
0202020L0AABPBP,bnf
0202020L0AADEDE,bnf
0202020L0AACACA,bnf
0202020L0AACICI,bnf
0202020L0AABYBY,bnf
0202020L0AACSCS,bnf
0203020D0AABGBG,bnf
0203020I0AABCBC,bnf
0204000T0AAAMAM,bnf
0203020I0AABEBE,bnf
0203020D0AACFCF,bnf
0203020I0AAATAT,bnf
0203020D0AABDBD,bnf
0203020D0AAAZAZ,bnf
0203020I0AABSBS,bnf
0204000T0AABCBC,bnf
0203020I0AABBBB,bnf
0203020D0AABQBQ,bnf
0203020D0AABFBF,bnf
0203020I0AAAPAP,bnf
0203020D0AAAYAY,bnf
0203020I0AAAZAZ,bnf
0203020D0AABEBE,bnf
0203020D0AACICI,bnf
0203020D0AABSBS,bnf
0203020I0AAARAR,bnf
0201010F0AAAPAP,bnf
0203020D0AABIBI,bnf
0203020I0AABTBT,bnf
0203020D0AACDCD,bnf
0203020I0AABMBM,bnf
0204000T0AAASAS,bnf
0203020I0AABDBD,bnf
0203020D0AACECE,bnf
0203020D0AABHBH,bnf
0204000T0AABABA,bnf
0203020I0AABHBH,bnf
0203020I0AABIBI,bnf
0203020I0AAAYAY,bnf
0204000T0AAARAR,bnf
0203020I0AAASAS,bnf
0203020D0AACACA,bnf
0203020I0AABNBN,bnf
0203020I0AAAXAX,bnf
0204000T0AAAPAP,bnf
0203020D0AABKBK,bnf
0203020I0AAAQAQ,bnf
0203020D0AABRBR,bnf
0204000T0AAATAT,bnf
0203020I0AAAUAU,bnf
0203020I0AABPBP,bnf
0203020I0AABKBK,bnf
0203020D0AABLBL,bnf
0204000T0AABDBD,bnf
0204000T0AAAUAU,bnf
0203020D0AAAUAU,bnf
0203020I0AABABA,bnf
0203020D0AABJBJ,bnf
0203020D0AACHCH,bnf
0203020I0AAAWAW,bnf
0201010F0AAANAN,bnf
0201010F0AAAAAA,bnf
0203020D0AACGCG,bnf
0203020D0AAAXAX,bnf
0203020D0AAAVAV,bnf
0203020I0AABLBL,bnf
0203020D0AABYBY,bnf
0203020D0AAAWAW,bnf
0204000T0AAANAN,bnf
0203020I0AABRBR,bnf
0204000T0AAAVAV,bnf
0203020I0AABJBJ,bnf
0203020I0AABGBG,bnf
0201010F0AAAQAQ,bnf
0204000T0AAAWAW,bnf
0203020I0AAANAN,bnf
0206010I0AAAWAW,bnf
0206010K0AABBBB,bnf
0206030N0AAAFAF,bnf
0206010K0AAANAN,bnf
0206010K0AAASAS,bnf
0206030Y0BBAAAA,bnf
0206010K0AAAMAM,bnf
0206010I0AAARAR,bnf
0206010K0AAALAL,bnf
0206030Y0BBABAB,bnf
0206010I0AAASAS,bnf
0206010K0AAAWAW,bnf
0206030N0AAAEAE,bnf
0206010I0AAATAT,bnf
0206010K0AAARAR,bnf
0206010I0AAAQAQ,bnf
0202040V0BDAAAC,bnf
0206020C0BZAAAE,bnf
0206020C0BZACAV,bnf
0206020C0BZABAU,bnf
0206020C0BZADAW,bnf
0212000ABBBAAAA,bnf
0212000ABBDAAAA,bnf
0206010I0BQABAA,bnf
0206010K0CQABAF,bnf
0206010I0BQACAB,bnf
0205052Q0BCABAB,bnf
0205052Q0BCAAAA,bnf
0204000K0BDABAC,bnf
0204000K0BDAAAB,bnf
0204000K0BDACAD,bnf
0204000R0AAAJAJ,bnf
0205052B0BBACAC,bnf
0206020T0BCAAAC,bnf
0206020T0AAACAC,bnf
0205051Q0AAADAD,bnf
0205052V0AAAAAA,bnf
0205052V0AAADAD,bnf
0206020R0AAAXAX,bnf
0205052B0AAACAC,bnf
0205052Q0AAAAAA,bnf
0202040U0BBAAAA,bnf
0204000R0BGABAJ,bnf
0204000M0AAAAAA,bnf
0205052Y0BBACAC,bnf
0204000R0BDAIAJ,bnf
0204000N0AAACAC,bnf
0212000Y0AAADAD,bnf
0212000X0AAADAD,bnf
0212000B0AAACAC,bnf
0212000B0BBACAC,bnf
0601021M0AAARAR,bnf
0202020L0AABDBD,bnf
0202020L0BPAABD,bnf
0206010K0AAAVAV,bnf
0206010K0AAADAD,bnf
0206010K0BDAEAG,bnf
0206010I0AAAJAJ,bnf
0206010I0AAABAB,bnf
0206010K0AAAGAG,bnf
0206010K0AAAPAP,bnf
0202030S0AAATAT,bnf
0205052X0AAABAB,bnf
0202010B0AAABAB,bnf
0205040I0BBAAAA,bnf
0206020I0BBAAAA,bnf
0202040C0AAABAB,bnf
0202040H0BCAAAA,bnf
0205052P0AAABAB,bnf
0205051R0BBABAB,bnf
0204000H0BFABAJ,bnf
0206020F0BDABAD,bnf
0202010L0AAABAB,bnf
0202030S0BBAAAT,bnf
0205051F0BCABAE,bnf
0205051F0BFABAE,bnf
0206020F0BKACAD,bnf
0205010N0AAAAAA,bnf
0205010J0BBAAAG,bnf
0205052R0AAACAC,bnf
0202040H0AAAAAA,bnf
0202010P0AAAAAA,bnf
0205051L0AAAAAA,bnf
0202040H0BDAAAA,bnf
0205051AAAAAAAA,bnf
0204000H0BKABAJ,bnf
0205051E0AAADAD,bnf
0205051Y0AAAAAA,bnf
0202040H0BBAAAA,bnf
0205052N0BBAAAA,bnf
0205052R0BBACAC,bnf
0205052P0BBABAB,bnf
0205051I0BBAAAA,bnf
0205051R0AAALAL,bnf
0204000A0BBAAAA,bnf
0205051L0BCAAAA,bnf
0205052R0BCACAC,bnf
0204000W0AAABAB,bnf
0204000E0BBAEAG,bnf
0205051G0BBAAAA,bnf
0206020F0BEACAD,bnf
0206020F0BBACAD,bnf
0205010N0BBAAAA,bnf
0205010J0AAAGAG,bnf
0205051Y0BBAAAA,bnf
0206020F0BLAEAD,bnf
020400040BCAAAB,bnf
0204000A0AAAAAA,bnf
0205051F0BDABAE,bnf
0205051F0BBABAE,bnf
0205040I0AAAAAA,bnf
0205051F0BHACAE,bnf
0205051R0BBAGAL,bnf
0205051I0AAAAAA,bnf
0204000Q0BBAAAA,bnf
0205051E0BBADAD,bnf
0205052A0BBACAC,bnf
0206020F0AAADAD,bnf
0206020F0BJACAD,bnf
0205052X0BBABAB,bnf
0206020F0BGACAD,bnf
0205051R0BCAAAB,bnf
0206020F0AAAEAE,bnf
0204000Q0AAAAAA,bnf
0205051R0AAABAB,bnf
0205051F0AAAEAE,bnf
0204000E0BEACAG,bnf
0204000H0BKADAJ,bnf
020400040AAABAB,bnf
0205052N0AAAAAA,bnf
0206020I0AAAAAA,bnf
0206020F0BLADAD,bnf
0205052A0AAACAC,bnf
0202040V0AAACAC,bnf
0204000E0AAAGAG,bnf
0205051F0BEABAE,bnf
0206020F0BLACAD,bnf
0204000Y0AAAAAA,bnf
0206020A0AAAVAV,bnf
0205051L0BEAAAA,bnf
0204000H0AAAJAJ,bnf
0205052R0BDACAC,bnf
0205051S0AAAAAA,bnf
0205051L0BBAAAA,bnf
0209000V0BCAAAA,bnf
0209000L0AAABAB,bnf
0209000A0AAATAT,bnf
0209000V0BDAAAA,bnf
0209000V0AAAAAA,bnf
0209000L0BBAAAB,bnf
0208020Y0BBADAD,bnf
0208020Y0AAADAD,bnf
0601023X0AAACAC,bnf
0601023AFAAABAB,bnf
0601021H0BBACAA,bnf
0601023ANAAABAB,bnf
0601021H0AAAAAA,bnf
0601023ACAAABAB,bnf
0601023AHAAABAB,bnf
0601023AKAAACAC,bnf
0601023AHAAAAAA,bnf
0601023AFAAAAAA,bnf
0204000ABAAABAB,bnf
020400080BBABAC,bnf
0206010K0AAATAT,bnf
0206010I0AAAZAZ,bnf
0206010K0AAAHAH,bnf
0204000H0BGABAB,bnf
0202040B0AAACAC,bnf
0205051Y0AAACAC,bnf
0206020F0BEABAC,bnf
0205051R0BBAIAN,bnf
0205051W0BBAAAA,bnf
0205030H0AAAAAA,bnf
0206020F0BHABAC,bnf
0205052ACBBAEAE,bnf
0204000R0BZACAH,bnf
0204000R0BDAGAH,bnf
0205051K0BEAAAB,bnf
0206020F0BKABAC,bnf
0206020F0AAACAC,bnf
0205051Q0AAABAB,bnf
0206020W0AAAAAA,bnf
0206020R0BBAGAE,bnf
0205052ABBBACAC,bnf
0205051L0BCACAC,bnf
0205051I0BBACAC,bnf
0205052ACBBACAC,bnf
0206020A0AAABAB,bnf
0205051P0BBAAAA,bnf
0205040M0BBAAAC,bnf
0204000H0BCABAB,bnf
0205052ACAAACAC,bnf
0206020F0BFABAC,bnf
0205051J0BBAAAA,bnf
0205051Q0BBABAB,bnf
0205051R0AAADAD,bnf
0205010J0BCAABK,bnf
0205051L0BBACAC,bnf
0204000R0AAAHAH,bnf
0205051J0AAAAAA,bnf
0206020F0BBABAC,bnf
0205051L0AAACAC,bnf
0204000H0AAABAB,bnf
0205040V0AAADAD,bnf
0206020L0AAAAAA,bnf
0206020F0BDACAC,bnf
0205051ACAAACAC,bnf
0205051K0BDAAAB,bnf
0205051W0AAAAAA,bnf
0206020F0BIAFAC,bnf
0206020F0BMAAAC,bnf
0205051P0AAAAAA,bnf
0206020R0AAAMAM,bnf
0205040M0AAACAC,bnf
0205010AAAAAAAA,bnf
0206020R0AAABAB,bnf
0205051R0BCACAD,bnf
0206020R0BHAEAE,bnf
0205052B0AAAAAA,bnf
0206020R0BGABAM,bnf
0205051K0AAABAB,bnf
0206020R0BBABAB,bnf
0204000H0BJABAB,bnf
0206020Z0AAACAC,bnf
0206020A0BBABAB,bnf
0204000V0BBAAAA,bnf
0205051K0BFABAB,bnf
0206020L0BBAAAA,bnf
0205051R0BBADAD,bnf
0206020F0BIABAC,bnf
0202040S0AAANAN,bnf
0206020F0BGABAC,bnf
0204000H0BIABAB,bnf
0206020R0BLABAE,bnf
0206020A0BFABAB,bnf
0205010J0AABKBK,bnf
0205040V0BBADAD,bnf
0204000V0AAAAAA,bnf
0202040S0AAAAAA,bnf
0204000H0BBABAB,bnf
0204000R0BWAAAH,bnf
0202040B0BBACAC,bnf
0206020F0BJABAC,bnf
0205051ACAAABAB,bnf
0205051L0BEACAC,bnf
0206020Z0BBACAC,bnf
0204000H0BFAFAB,bnf
0206020F0BLABAC,bnf
0205052ABAAACAC,bnf
0205051I0AAACAC,bnf
0205010N0AAACAC,bnf
0206020F0BIADAC,bnf
0205051R0AAANAN,bnf
0206020R0AAAEAE,bnf
0204000R0BGAAAH,bnf
0205051AAAAACAC,bnf
0205010N0BBACAC,bnf
0206020R0BQACAE,bnf
0205051Q0BCABAB,bnf
0205052ACAAAEAE,bnf
0205051Y0BBACAC,bnf
0205052B0BBAAAA,bnf
0209000Y0BBABAB,bnf
0209000Y0AAABAB,bnf
0209000Y0BCABAB,bnf
0208020Y0AAAAAA,bnf
0208020X0AAABAB,bnf
0208020X0BBABAB,bnf
0208020Y0BBAAAA,bnf
0208020N0AAAAAA,bnf
0212000L0AAAAAA,bnf
0212000AFAAABAB,bnf
0212000ACBBABAB,bnf
0212000ACAAACAC,bnf
0212000Y0BFAAAA,bnf
0212000AFBBABAB,bnf
0212000Y0BBAEAA,bnf
0212000X0BBAAAA,bnf
0212000B0AAAAAA,bnf
0212000Y0AAAAAA,bnf
0212000Y0BDAAAA,bnf
0212000Y0BBAAAA,bnf
0212000L0BBAAAA,bnf
0212000B0BBAAAA,bnf
0212000ACBBAAAA,bnf
0212000ACAAABAB,bnf
0212000ACAAAAAA,bnf
0212000AABBAAAA,bnf
0212000ACBBACAC,bnf
0212000B0BBAEAL,bnf
0212000ALBBAAAA,bnf
0212000B0AAALAL,bnf
0212000X0AAAAAA,bnf
0212000Y0BEAAAA,bnf
0212000AAAAAAAA,bnf
0601023AGAAABAB,bnf
0601023ANAAAAAA,bnf
020400090AAAAAA,bnf
0204000ABAAACAC,bnf
0202020U0BBACAC,bnf
0202020U0AAACAC,bnf
0206010I0AAADAD,bnf
0206030N0AAAAAA,bnf
0206010K0BEABAB,bnf
0206010F0AACLCL,bnf
0206010K0AAABAB,bnf
0206010F0BJACAQ,bnf
0206010F0AAAQAQ,bnf
0206010I0AAACAC,bnf
0206010I0BLABAD,bnf
0206010K0BUAAAB,bnf
0204000H0BFACAK,bnf
0204000H0BFAAAM,bnf
0205051R0AAAIAI,bnf
0205051R0BBAEAI,bnf
0205051R0BBAJAU,bnf
0205051R0AAAUAU,bnf
0205053A0AAAAAA,bnf
0205053A0AAABAB,bnf
0205051Q0BCADAD,bnf
0204000R0BGAGAB,bnf
0204000R0BGAFAA,bnf
0204000R0BGACAK,bnf
0205020E0BBAAAC,bnf
0205051U0BBAAAA,bnf
0205020M0BBAAAA,bnf
0205051E0BBABAB,bnf
0205040S0AAABAB,bnf
0205020E0AAACAC,bnf
0205040S0BBAAAB,bnf
0205020E0AAAHAH,bnf
0202010J0AAAAAA,bnf
0205020E0AAAGAG,bnf
0205020E0AAADAD,bnf
0205020M0AAACAC,bnf
0205051U0BCAAAA,bnf
0202040A0BBAAAA,bnf
0205020M0BBABAB,bnf
0205020E0BBACAA,bnf
0205020M0BBACAC,bnf
0205020M0AAAAAA,bnf
0202010J0BBAAAA,bnf
0205020M0AAABAB,bnf
0205020E0AAAFAF,bnf
0202040A0AAAAAA,bnf
0205020M0BBAEAB,bnf
0205020E0BBABAD,bnf
0205020M0BBADAA,bnf
0205020M0BBAFAC,bnf
0205051E0AAABAB,bnf
0205051U0AAAAAA,bnf
0208020V0AAASAS,bnf
0208020V0BBAFAS,bnf
0212000C0BBAEAE,bnf
0212000C0BBACAC,bnf
0212000C0BBAAAA,bnf
0212000C0BBADAD,bnf
0212000P0BBADAD,bnf
0212000C0BBABAB,bnf
0212000C0AAABAB,bnf
0212000P0BBABAB,bnf
0212000C0AAACAC,bnf
0212000C0AAADAD,bnf
0212000C0AAAAAA,bnf
0212000C0AAAEAE,bnf
0212000P0BBACAC,bnf
0601023Y0BBAAAA,bnf
0601023AIBBAAAA,bnf
0601023Y0AAABAB,bnf
0601023Y0BBABAB,bnf
0601023AIAAABAB,bnf
0601023AIAAAAAA,bnf
0601023AIBBABAB,bnf
0601023R0BBAAAA,bnf
0601023R0AAAAAA,bnf
0601023AIBBACAC,bnf
0601023Y0AAAAAA,bnf
0601012ABBBABAB,bnf
0201010F0BBAEAA,bnf
0201010F0BBABAF,bnf
0201010F0BEACAF,bnf
0201010F0AAAFAF,bnf
0206010F0AAAIAI,bnf
0206010F0AACICI,bnf
0206010F0BQAAA5,bnf
0206010F0BBABCI,bnf
0206010F0BFABCI,bnf
0206010F0BWAACI,bnf
0206010F0AAAHAH,bnf
0206010F0AAA5A5,bnf
0206020R0BQABAN,bnf
0206020R0BQAAAR,bnf
0206020R0BBAIAP,bnf
0206020C0BNAEBA,bnf
0206020C0BEAAAA,bnf
0206020C0BYAAAJ,bnf
0206020R0BRADAP,bnf
0206020C0BWAEAJ,bnf
0206020C0AAAJAJ,bnf
0202040S0AAARAR,bnf
0206020R0CFACAP,bnf
0206020C0BRAAAJ,bnf
0206020R0CHABAP,bnf
0206020C0BBAAAA,bnf
0206020C0BPACAJ,bnf
0206020C0BUAAAJ,bnf
0206020C0AAAAAA,bnf
0206020R0AABFBF,bnf
0206020C0BQAAAA,bnf
0206020C0AABABA,bnf
0206020R0BGADBF,bnf
0206020C0BSAAAJ,bnf
0206020R0AAAPAP,bnf
0209000Z0AAABAB,bnf
0209000Z0BBABAB,bnf
0208020AAAAACAC,bnf
0208020AABBACAC,bnf
0208010D0BCACAC,bnf
0208010D0BBACAC,bnf
0208010D0AAACAC,bnf
0208010D0BFACAC,bnf
0208010D0BEACAC,bnf
0208010D0BDACAC,bnf
0212000B0AAAPAP,bnf
0601023U0AAAAAA,bnf
0601021M0AAATAT,bnf
0601023U0BBAAAA,bnf
0601021M0BKAAAT,bnf
0601021M0BNABAT,bnf
0601021M0BNACAT,bnf
0206010W0AAABAB,bnf
0206010K0AAAEAE,bnf
0206010K0CNAAAE,bnf
0206010K0BYAAAE,bnf
0206010K0CKAAAE,bnf
0206010K0AAAQAQ,bnf
0206010K0BKAAAE,bnf
0206010K0BXACAE,bnf
0206010K0CRAAAE,bnf
0205052Y0AAABAB,bnf
0206020L0BBABAB,bnf
0206020Q0AAAAAA,bnf
0202040T0AAAAAA,bnf
0205052V0BBAEAF,bnf
0204000N0AAABAB,bnf
0205051I0BBADAD,bnf
0205051Q0AAACAC,bnf
0205051L0BCADAD,bnf
0206020R0BBAJAR,bnf
0205052ADAAAAAA,bnf
0206020Q0BBAAAA,bnf
0205051J0AAABAB,bnf
0205052ADBBAAAA,bnf
0205051L0BBADAD,bnf
0205052Q0BBACAC,bnf
0205051L0AAADAD,bnf
0205052V0AAAFAF,bnf
0206020R0BHACAR,bnf
0204000G0AAAAAA,bnf
0206020R0AAAHAH,bnf
0206020R0BVAAAR,bnf
0205051Q0BBACAC,bnf
0204000U0BCAAAA,bnf
0205052B0BBABAB,bnf
0204000N0BFAAAB,bnf
0205051I0AAADAD,bnf
0206020R0BGAAAH,bnf
0205051W0AAACAC,bnf
0202040B0AAABAB,bnf
0205052B0AAABAB,bnf
0205052Y0BBAAAA,bnf
0205052Y0BBABAB,bnf
0206020R0AAARAR,bnf
0205052Y0AAAAAA,bnf
0206020W0AAABAB,bnf
0204000G0BBAAAA,bnf
0206020R0CDAAAR,bnf
0204000U0AAAAAA,bnf
0205051H0BBAAAA,bnf
0206020R0BBAFAR,bnf
0205051W0BBACAC,bnf
0205052Q0BCACAC,bnf
0205051K0AAAAAA,bnf
0202040T0BBAAAA,bnf
0205051Q0BCACAC,bnf
0202040B0BBABAB,bnf
0206020R0CKAAAR,bnf
0205052Q0AAACAC,bnf
0205051H0AAAAAA,bnf
0205051L0BEADAD,bnf
0208020Y0BBACAC,bnf
0208020Y0AAACAC,bnf
0212000B0AAAMAM,bnf
0212000M0BBAAAA,bnf
0212000AAAAABAB,bnf
0212000AJAAAAAA,bnf
0212000Y0BDABAB,bnf
0212000AABBABAB,bnf
0212000Y0AAABAB,bnf
0212000B0AAABAB,bnf
0212000AFBBACAC,bnf
0212000M0AAAAAA,bnf
0212000Y0BEABAB,bnf
0212000X0AAABAB,bnf
0212000B0BBABAB,bnf
0212000X0BBABAB,bnf
0212000B0BBAFAM,bnf
0212000AFAAACAC,bnf
0212000AEAAAAAA,bnf
0212000AEBBAAAA,bnf
0212000Y0BBABAB,bnf
0202020L0BGAGBB,bnf
0202020L0AABBBB,bnf
0206010I0AAAAAA,bnf
0206030N0AAABAB,bnf
0206010K0AAACAC,bnf
0206010I0AAAIAI,bnf
0206010K0BUABAC,bnf
0206010K0BEAAAC,bnf
0206010I0AAAEAE,bnf
0202030S0AAAVAV,bnf
0204000K0BJAAAC,bnf
0212000ABBFAAAA,bnf
0212000ABBCAAAA,bnf
0212000ABBHAAAA,bnf
0212000ABBJAAAA,bnf
0203020I0AAADAD,bnf
0206020T0BDAGAU,bnf
0206020T0BDACAF,bnf
0206020T0BDAEAH,bnf
0205051Q0BBADAD,bnf
0205052C0AAAHAH,bnf
0205052C0AAADAD,bnf
0205052C0AAAAAA,bnf
0205052C0AAACAC,bnf
0205052C0AAABAB,bnf
0205052N0AAAHAH,bnf
0204000H0AAAMAM,bnf
0205051F0AAADAD,bnf
0205051R0BBAFAK,bnf
020400040BBAAAA,bnf
0205051R0BBAAAA,bnf
0204000B0BBAAAA,bnf
0204000K0AAAFAF,bnf
0205051R0AAAKAK,bnf
0202030S0AAEGEG,bnf
0205051R0AAAAAA,bnf
0601023AJBBAAAA,bnf
0205052N0BBABAB,bnf
0205052N0BBADAH,bnf
0205052P0BBACAC,bnf
0205052P0BBAAAA,bnf
0205052N0BBACAD,bnf
0206020R0BBAHAN,bnf
0204000U0BBAAAA,bnf
0205040D0AAAQAQ,bnf
0205040D0AAACAC,bnf
0205040D0AABBBB,bnf
0205040D0AAARAR,bnf
0205040D0AAAFAF,bnf
0205040D0AAAAAA,bnf
0205040D0AAABAB,bnf
0206020C0BJABAU,bnf
0206020C0BMABAU,bnf
0206020C0BBAEAX,bnf
0206020C0BHACAU,bnf
0206020C0BHADAU,bnf
0202080B0BCAAAB,bnf
0202010B0BEABAB,bnf
0205052I0AAABAB,bnf
0205052I0AAACAC,bnf
0206020W0BBACAC,bnf
0206020W0BBAAAA,bnf
0206020W0BBABAB,bnf
0205052W0BBACAC,bnf
0205052W0BBAAAA,bnf
0205052W0BBABAB,bnf
0206020C0BTAAAA,bnf
0205051V0BBAAAA,bnf
0202080B0BBAAAA,bnf
0204000Y0BBAAAA,bnf
0202080K0BBAAAA,bnf
0206010K0BHAAAF,bnf
0206020C0BVAAAV,bnf
0206020C0BVABAW,bnf
0206020C0BVACAE,bnf
0205052ADAAACAC,bnf
0205052ADAAABAB,bnf
0202010D0BCABCY,bnf
0204000N0AAAFAF,bnf
0204000N0AAADAD,bnf
0202010B0BBAAAB,bnf
0204000C0BBADAD,bnf
0204000C0BBABAB,bnf
0204000C0BBAAAA,bnf
0202040S0AAAMAM,bnf
0208020V0BBABAB,bnf
0208020V0AABCBC,bnf
0208020S0AAAAAA,bnf
0208020V0AAABAB,bnf
0208020S0BBAAAA,bnf
0601023AQBBACAC,bnf
0601021A0AAACAC,bnf
0601023AQAAACAC,bnf
0601023AWAAAEAE,bnf
0601023AWBCABAE,bnf
0601021A0BCACAC,bnf
0601021A0BBACAC,bnf
0601011Q0AAABAB,bnf
0601011Q0BBABAB,bnf
0205052AEBBABAB,bnf
0205052AEAAABAB,bnf
0206010F0BIACAM,bnf
0206010F0AAAMAM,bnf
0206020T0BFABAJ,bnf
0206020T0BFACAK,bnf
0206020T0BFAAAI,bnf
0202030X0AAAAAA,bnf
0202030X0AAABAB,bnf
0205051V0AAAAAA,bnf
0205051U0AAABAB,bnf
0205051U0AAACAC,bnf
0205051U0AAAFAF,bnf
0206020C0AAAXAX,bnf
0206020C0AAASAS,bnf
0206020C0AAAUAU,bnf
0206020C0AAATAT,bnf
0206020C0AAAWAW,bnf
0206020C0AAAEAE,bnf
0206020C0AAACAC,bnf
0205052W0AAACAC,bnf
0205052W0AAABAB,bnf
0205052W0AAAAAA,bnf
0205051F0BDACAF,bnf
0205051F0BDAAAD,bnf
0205052N0AAADAD,bnf
0206020R0BUACAN,bnf
0206020R0BUADAP,bnf
0206020C0BPABAU,bnf
0206020C0BPAAAT,bnf
0205051J0BBABAB,bnf
0205051G0AAABAB,bnf
0205051G0AAAAAA,bnf
0204000C0AAAAAA,bnf
0204000C0AAABAB,bnf
0204000B0AAAAAA,bnf
0204000C0AAADAD,bnf
0204000H0AAAKAK,bnf
0202040S0AAAJAJ,bnf
0202040S0AAAFAF,bnf
0204000K0BBACAA,bnf
0204000E0BBABAA,bnf
0202040S0AAAIAI,bnf
0202040S0AAAKAK,bnf
0601023AWAAABAB,bnf
0601023AWAAAAAA,bnf
0601023AWBBABAB,bnf
0601023AWBBAAAA,bnf
0601012D0BCAQA2,bnf
0601012D0AABDBD,bnf
0601012D0BCALAJ,bnf
0601012V0BCAAAE,bnf
0601012S0AAANAN,bnf
0601012S0AAAMAM,bnf
0601012D0BCANBE,bnf
0601012D0BCAMBJ,bnf
0601012S0BDAKAM,bnf
0601011L0BBAAAA,bnf
0601012D0AAA2A2,bnf
0601011N0AAAUAU,bnf
0601011R0AAACAC,bnf
0601011R0BDAAAC,bnf
0601011N0BCADAT,bnf
0601012S0BCADAN,bnf
0601012D0AABLBL,bnf
0601012V0AAAEAE,bnf
0601011N0AAATAT,bnf
0601012D0AABJBJ,bnf
0601011N0AAADAD,bnf
0601012D0BCAPBL,bnf
0601012S0BCAFAP,bnf
0601012D0AABEBE,bnf
0601011N0BCAFAU,bnf
0601012S0AAAPAP,bnf
0601011L0AAAAAA,bnf
0203020I0AAAAAA,bnf
0206010F0BGAAAU,bnf
0206010F0AAAUAU,bnf
0206010F0AABFBF,bnf
0206020C0BRACAU,bnf
0206020C0BRAEAE,bnf
0206020C0BRADAW,bnf
0206020C0BRABAT,bnf
0206020R0BLAAAR,bnf
0206020C0BFAJAX,bnf
0206020C0BFAHAV,bnf
0206020C0BFAIAW,bnf
0206020C0BFAFAE,bnf
0206020C0BFAGAU,bnf
0206020C0BMAAAE,bnf
0206020C0BJAEAE,bnf
0206020C0BBADAE,bnf
0202030S0AAAUAU,bnf
0204000E0AAABAB,bnf
0202030W0BBAAAA,bnf
0205051F0AAAFAF,bnf
0205010J0AAAHAH,bnf
0205052N0AAABAB,bnf
0204000K0AAABAB,bnf
0202010F0BBAAAA,bnf
0205051F0AADUDU,bnf
0601023ADBBAAAA,bnf
0601022B0AAATAT,bnf
0601023AABBAAAA,bnf
0601023Z0BBAAAA,bnf
0203020I0AAAKAK,bnf
0206010K0CPAAAF,bnf
0206010K0CLAAAF,bnf
0206010K0AAAFAF,bnf
0206010K0AAAUAU,bnf
0205052V0BBABAB,bnf
0205052X0BBACAC,bnf
0205052V0BBAAAA,bnf
0205052V0BBACAC,bnf
0205052X0BBAAAA,bnf
0205052V0BBADAD,bnf
0206020R0CGABAR,bnf
0206020R0CGAAAE,bnf
0206020C0BHAAAJ,bnf
0206020C0BHABAT,bnf
0206020C0BHAFAW,bnf
0204000R0BNAAAB,bnf
0204000R0BNACAB,bnf
0204000R0BNAEAA,bnf
0204000R0BNAFAB,bnf
0204000R0BNADAA,bnf
0204000R0BNABAA,bnf
0205052R0AAAAAA,bnf
0204000W0AAAAAA,bnf
0202010D0AADFDF,bnf
0205052X0AAAAAA,bnf
0202010L0AAACAC,bnf
0202040S0AAAQAQ,bnf
0205052R0AAABAB,bnf
0202040S0AAAHAH,bnf
0202010L0AAAYAY,bnf
0205052P0AAAAAA,bnf
0205052X0AAACAC,bnf
0202010D0AAAFAF,bnf
0205052A0AAABAB,bnf
0205052A0AAAAAA,bnf
0202010D0AACYCY,bnf
0205052P0AAACAC,bnf
0202040G0AAAAAA,bnf
0202040G0AAABAB,bnf
0601023B0BBACAC,bnf
0601023B0BBABAB,bnf
0202010P0BDAAAA,bnf
0205051I0BEAAAA,bnf
0205052I0BBABAB,bnf
0205052A0BBAAAA,bnf
0205052I0BBACAC,bnf
0205052A0BBABAB,bnf
0205051E0AAACAC,bnf
0205040D0BJAAAQ,bnf
0205052C0BBADAD,bnf
0205052C0BBAAAA,bnf
0205040D0BFAAAQ,bnf
0205052C0BBACAC,bnf
0205052C0BBAEAH,bnf
020400090BBAAAA,bnf
0202040C0BIAAAB,bnf
0206020K0BDAAAB,bnf
0202040V0BBAAAA,bnf
0206020R0BXAAAX,bnf
0205040D0BHAAAQ,bnf
0205052C0BBABAB,bnf
0205040D0BEAAAQ,bnf
0205040D0BIAAAQ,bnf
0209000A0BCAAAJ,bnf
0208020H0BBAAAA,bnf
0208020H0AAAAAA,bnf
0208020V0BDAAAC,bnf
0202080K0BCAAAB,bnf
0206010K0BDACAB,bnf
0206010K0CTAAAE,bnf
0206010K0BNACAE,bnf
0206010K0BDADAD,bnf
0206010K0CJAAAE,bnf
0206010K0CFAAAE,bnf
0206010K0CDAAAE,bnf
0206010K0CHAAAE,bnf
0206020C0BNACAW,bnf
0206020C0BNABAV,bnf
0206020C0BNADAE,bnf
0206020C0BNAAAU,bnf
0205020E0BBAFAG,bnf
0205020E0BBAEAF,bnf
0205020E0BBAGAH,bnf
0205051M0AAABAB,bnf
0205051M0AAAAAA,bnf
0205051M0AAAFAF,bnf
0205051F0AAA2A2,bnf
0205051F0AAAKAK,bnf
0206020R0BVACAP,bnf
0206020R0BVABAN,bnf
0205052V0AAAIAI,bnf
0206020C0AAAVAV,bnf
0206020T0AAADAD,bnf
0204000R0AAAAAA,bnf
0206020T0AAAJAJ,bnf
0205052V0AAABAB,bnf
0204000R0AAAKAK,bnf
0212000M0BCAAAD,bnf
0212000M0BDAAAD,bnf
0212000M0BEAAAD,bnf
0212000M0BHAAAD,bnf
0212000M0BGAAAD,bnf
0212000AKBBAAAA,bnf
0212000M0BFAAAD,bnf
0601021M0BEAAAA,bnf
0601021M0BDAAAA,bnf
0601021M0BCAAAA,bnf
0206020C0BIACAW,bnf
0206020C0BIAAAU,bnf
0206020C0BIADAE,bnf
0206020C0BIABAV,bnf
0205040V0BCAAAB,bnf
0205040D0BDAAAA,bnf
0205040D0BDACAC,bnf
0205040D0BDADAQ,bnf
0205040D0BDABAB,bnf
0204000R0BZAAAK,bnf
0204000R0BZABAJ,bnf
020400040AAAAAA,bnf
0205052V0AAAHAH,bnf
0205052V0AAACAC,bnf
0206020T0BMADAU,bnf
0206020T0BMACAH,bnf
0206020T0BMABAH,bnf
0206020T0BMAAAU,bnf
0202030W0AAAAAA,bnf
0202040U0AAAAAA,bnf
0204000R0BDACAB,bnf
0204000R0BDAFAA,bnf
0204000R0BDADAA,bnf
0204000R0BDAJAK,bnf
0204000R0BDAEAB,bnf
0204000R0BDAHAL,bnf
0206020B0AAAAAA,bnf
0206020B0AAABAB,bnf
0205052R0BDABAB,bnf
0205052R0BDAAAA,bnf
0205040D0BBAEAR,bnf
0205040D0BBADAQ,bnf
0205040D0BBAAAA,bnf
0205040D0BBABAB,bnf
0206020T0BCABAD,bnf
0206020T0BCAFAH,bnf
0206020T0BCADAG,bnf
0206020T0BCACAF,bnf
0206020R0CBAEAR,bnf
0206020R0CBABAR,bnf
0206020R0CBAAAE,bnf
0206020R0CBACAE,bnf
0206020R0CBADAR,bnf
0204000W0BBABAB,bnf
0204000K0BBAAAB,bnf
0204000W0BBAAAA,bnf
0204000K0BBABAC,bnf
0205051M0BBABAB,bnf
0205051N0BBAAAA,bnf
0205051M0BBACAF,bnf
0205051M0BBAAAA,bnf
020400040BEAAAA,bnf
020400040BEABAB,bnf
0202080B0AAABAB,bnf
0202080K0AAABAB,bnf
0202080K0AAAAAA,bnf
0205052R0BBAAAA,bnf
0205052Q0BBABAB,bnf
0205052Q0BBAAAA,bnf
0205052R0BBABAB,bnf
0202010F0AAAAAA,bnf
0202040V0AAAAAA,bnf
0206020Q0BBADAD,bnf
0206020Q0AAADAD,bnf
0212000AJAAABAB,bnf
0601023B0AAACAC,bnf
0601023B0BCAFAC,bnf
0601023B0BCACAC,bnf
0206020L0AAABAB,bnf
0205040S0BBAEAA,bnf
0205040V0BBAEAA,bnf
0206020Q0BBACAC,bnf
0206020Q0BBABAB,bnf
0205051K0BFAAAA,bnf
0205020H0AAAEAE,bnf
0205020H0AAADAD,bnf
0205051K0BEABAA,bnf
020400060AAABAB,bnf
020400060AAAAAA,bnf
0205040V0BBABAB,bnf
0206020T0AAAGAG,bnf
0206020T0AAAIAI,bnf
0206020T0AAAUAU,bnf
0206020T0AABIBI,bnf
0206020T0AAAFAF,bnf
0205051F0BHAAAD,bnf
0205051F0BHABAF,bnf
0205051K0BBABAB,bnf
0205051K0BBAAAA,bnf
0206020R0BGACBE,bnf
0204000K0BBADAD,bnf
0205040S0BEACAD,bnf
0205040S0BEADAE,bnf
0205040S0BEABAC,bnf
0205052I0BDACAC,bnf
0205052I0BDABAB,bnf
0206020R0BKACAR,bnf
0206020R0BKADAE,bnf
0206020W0AAACAC,bnf
0205051F0BFACAF,bnf
0205051F0BFAAAD,bnf
0204000E0AAACAC,bnf
0206020T0BHACAH,bnf
0206020T0BHADAH,bnf
0206020T0BHAAAH,bnf
0206020T0BHABAH,bnf
0206020T0BJAAAH,bnf
0206020T0AAAKAK,bnf
0206020T0BLAAAH,bnf
0206020T0BIAAAH,bnf
0206020T0AAAHAH,bnf
0205052R0BCABAB,bnf
0205052R0BCAAAA,bnf
0205051I0BEACAC,bnf
0205051I0BEABAB,bnf
0205051I0BEADAD,bnf
0202030X0BBAAAA,bnf
0202030X0BBABAB,bnf
0206020C0BCABAS,bnf
0206020C0BCACAC,bnf
0205051U0BCACAC,bnf
0205051U0BCABAB,bnf
0205040S0AAACAC,bnf
0205040S0AAADAD,bnf
0205040V0AAAAAA,bnf
0205040V0AAABAB,bnf
0204000R0BXABAB,bnf
0204000R0BXAAAA,bnf
0206020C0BMADAW,bnf
0205051F0BCADAD,bnf
0205051F0BCACAF,bnf
0204000E0BCADAC,bnf
020400040BDABAB,bnf
0202030S0BJACAV,bnf
0206020R0CJAAAN,bnf
0206020R0CJABAP,bnf
0206020M0BBABAB,bnf
0601021M0BGAAAM,bnf
0601021R0BBAAAA,bnf
0601021R0AAAAAA,bnf
0601021M0BJAAAM,bnf
0601021M0BLAAAM,bnf
0601021M0BHAAAM,bnf
0206020C0BJAAAT,bnf
0206020C0BJADAW,bnf
0204000F0BBAAAA,bnf
0204000F0AAAAAA,bnf
0205052Q0AAABAB,bnf
0204000H0BKACAM,bnf
0204000H0BKAAAM,bnf
0202040G0BBABAB,bnf
0202040G0BBAAAA,bnf
0206020C0BFADAU,bnf
0206020C0BFAAAS,bnf
0206020C0BFAEAV,bnf
0206020C0BFACAT,bnf
0204000E0BBAFAB,bnf
0204000E0BBACAC,bnf
020400060BBABAB,bnf
020400060BBAAAA,bnf
0206020C0BBABAC,bnf
0206020C0BBACAS,bnf
0204000R0AAABAB,bnf
0204000R0AAALAL,bnf
0204000X0BBAAAA,bnf
0204000X0BBABAB,bnf
0205051F0BBAAAD,bnf
0205051F0BBACAF,bnf
0202010B0BFABAB,bnf
0205040S0BCABAD,bnf
0204000M0BBAAAA,bnf
0204000M0BBABAB,bnf
0206020K0BBABAB,bnf
0206020K0BBAAAA,bnf
0206020C0BUACAU,bnf
0206020C0BUABAT,bnf
0205051N0AAAAAA,bnf
0206020K0AAAEAE,bnf
0206020K0AAAAAA,bnf
0206020K0AAABAB,bnf
0212000U0AAAVAV,bnf
0212000U0AAAWAW,bnf
0212000U0AAAXAX,bnf
0212000U0AAATAT,bnf
0212000U0AAABAB,bnf
0205040D0BCAAAB,bnf
0205040D0BCABAC,bnf
0206020R0CIAAAN,bnf
0206020R0CIABAP,bnf
0204000K0AAADAD,bnf
0204000K0AAACAC,bnf
0205052Y0AAACAC,bnf
0601022B0BJACAV,bnf
0601022B0BJABAV,bnf
0601022B0BJADAS,bnf
0601022B0BJAAAS,bnf
0206010F0AAAKAK,bnf
0206020C0BYABAT,bnf
0206020C0BYACAU,bnf
0205040D0BGAAAQ,bnf
0205040D0BGABAQ,bnf
0205051F0BEAAAD,bnf
0205051F0BEACAF,bnf
0205051K0BCAAAA,bnf
0205051K0BCABAB,bnf
0206020C0BSACAU,bnf
0206020C0BSABAT,bnf
0206020C0BWAAAU,bnf
0206020C0BWABAV,bnf
0206020C0BWACAW,bnf
0206020C0BWADAE,bnf
0206020C0BWAFAT,bnf
0206020B0BBAAAA,bnf
0206020B0BBABAB,bnf
0204000N0BFACAD,bnf
0204000N0BEAAAF,bnf
0204000N0BFABAC,bnf
0206020R0BWAAAE,bnf
0206020R0BWABAR,bnf
0205052I0BEACAC,bnf
0205052I0BEABAB,bnf
0204000E0BEAAAB,bnf
0204000E0BEABAC,bnf
0206020R0BRAAAR,bnf
0206020R0BRABAE,bnf
0206020R0BRACAN,bnf
0202040C0BFABAB,bnf
0202040C0BFAAAA,bnf
0206020C0BJACAV,bnf
0206020C0BMACAV,bnf
0206020C0BHAEAV,bnf
0205051G0BCABAB,bnf
0205051G0BCAAAA,bnf
0206020R0CFABAN,bnf
0206020R0CFAAAR,bnf
0205052ADBBABAB,bnf
0205052ADBBACAC,bnf
0205040D0BKABAQ,bnf
0205040D0BKAAAQ,bnf
0205040S0BBACAD,bnf
0205040S0BBABAC,bnf
0206020C0BEABAC,bnf
0206020C0BEACAS,bnf
0205051K0BDABAA,bnf
0202030S0BBACAV,bnf
0202030S0BBABAU,bnf
0205020H0BBABAD,bnf
0205020H0BBACAE,bnf
0205051E0BBACAC,bnf
0206020M0AAABAB,bnf
0202080B0AAAAAA,bnf
0202080C0AAAAAA,bnf
0205051S0BBAAAA,bnf
0206020R0CEAAAR,bnf
0206020R0CEABAR,bnf
0205053A0BBAAAA,bnf
0206020R0AABEBE,bnf
0206020R0AAANAN,bnf
0204000M0AAABAB,bnf
0206020R0BHABAB,bnf
0206020Q0AAABAB,bnf
0206020Q0AAACAC,bnf
0202010P0BBAAAA,bnf
0204000R0BUAAAB,bnf
0212000P0BCAAAE,bnf
0601021M0BPAAAV,bnf
0209000C0AAAEAE,bnf
0209000U0AAABAB,bnf
0212000Q0BBAAAA,bnf
0212000Q0BBABAB,bnf
0209000Z0AAAAAA,bnf
0209000V0BBAAAA,bnf
0209000Z0BBAAAA,bnf
0209000U0BBAAAB,bnf
0209000A0BGAAAB,bnf
0209000Z0AAACAC,bnf
0209000Z0BBACAC,bnf
0209000L0AAACAC,bnf
0209000L0AAAMAM,bnf
0209000A0BGABAK,bnf
0209000A0BFAAAK,bnf
0209000L0BCABAC,bnf
0209000L0BCAAAB,bnf
0209000C0BBABAE,bnf
0209000L0BBABAC,bnf
0209000L0BBAGAM,bnf
0209000L0BBAFAM,bnf
0209000L0BGAAAM,bnf
0209000L0BIAAAM,bnf
0209000L0BHAAAM,bnf
0212000P0BDAAAF,bnf
0208020Z0AAAAAA,bnf
0208020Z0BBAAAA,bnf
0208020X0BBACAC,bnf
0208020X0AAACAC,bnf
0208020AABBABAB,bnf
0208020AAAAABAB,bnf
0208020V0AABABA,bnf
0208020V0AAACAC,bnf
0208020V0AAAAAA,bnf
0208020N0AAACAC,bnf
0208020N0AAABAB,bnf
0208020V0BBAAAA,bnf
0208010D0BBAHAH,bnf
0208010D0BCAHAH,bnf
0206010I0AAAMAM,bnf
0206010I0AAAUAU,bnf
0206010I0BWAAAM,bnf
0206010I0BVAAAU,bnf
0208010D0AAADAD,bnf
0208010D0AAAEAE,bnf
0208010D0AAAHAH,bnf
0208010D0AAAFAF,bnf
0208010D0AAAGAG,bnf
0208010L0BBACAA,bnf
0208010L0BBAHAH,bnf
0208010L0AAAHAH,bnf
0208010W0BCAIAM,bnf
0208010W0BCAHAL,bnf
0208010W0AAAMAM,bnf
0208010L0AAAGAG,bnf
0208010W0BCAKAQ,bnf
0208010L0AAAKAK,bnf
0208010W0AAAQAQ,bnf
0208010L0BBAGAG,bnf
0208010W0AAALAL,bnf
0208010L0BBAKAK,bnf
0208010L0BBABAB,bnf
0208010L0AAABAB,bnf
0208010L0AAAAAA,bnf
0601023AUBBAAAA,bnf
0601012D0BCAZAZ,bnf
0601012S0BGAEAI,bnf
0601011R0BEAAAE,bnf
0601012Z0BBACAC,bnf
0601012F0AAABAB,bnf
0601012D0BGAIBX,bnf
0601011A0AAACAC,bnf
0601011L0BBACAC,bnf
0601012D0BBAVBZ,bnf
0601011L0BDABAB,bnf
0601012D0BCAVBX,bnf
0601011L0BDAAAG,bnf
0601012D0BCARBZ,bnf
0601012D0BBASBA,bnf
0601012D0BBAUBZ,bnf
0601012X0BBABAB,bnf
0601012S0BGADAL,bnf
0601012S0BIADAI,bnf
0601012S0BCAHAT,bnf
0601012Z0AAABAB,bnf
0601011N0AAAPAP,bnf
0601011N0BHADAP,bnf
0601012Z0AAAAAA,bnf
0601012V0BBACAD,bnf
0601012F0AAADAD,bnf
0601011N0BCAGAY,bnf
0601012F0BBABAB,bnf
0601011N0BCAHAZ,bnf
0601011L0BBAFAF,bnf
0601012V0AAAAAA,bnf
0601012Z0AAACAC,bnf
0601011L0BDACAC,bnf
0601012D0BGAGBV,bnf
0601012S0BIABAL,bnf
0601012X0BBACAB,bnf
0601012S0BDANAI,bnf
0601011L0AAAFAF,bnf
0601012V0BEAAAD,bnf
0601012D0BCBCBU,bnf
0601012S0BDAMAI,bnf
0601011N0AAAYAY,bnf
0601011N0AAAMAM,bnf
0601012S0AAASAS,bnf
0601012D0BGAJBW,bnf
0601012S0AAATAT,bnf
0601012D0BBARAZ,bnf
0601012S0BDALAL,bnf
0601012F0BBAFAC,bnf
0601012D0BGADBS,bnf
0601012D0BCBDBZ,bnf
0601011L0BBAHAG,bnf
0601012Z0BBAAAA,bnf
0601012D0BGAFBU,bnf
0601011L0AAAGAG,bnf
0601011A0AAADAD,bnf
0601012Z0BBABAB,bnf
0601012W0AAAAAA,bnf
0601012D0BCBABA,bnf
0601012D0BCAYBI,bnf
0601011N0AAAZAZ,bnf
0601012S0BCAGAS,bnf
0601012D0BCATA3,bnf
0601011L0AAACAC,bnf
0601012D0BCBBBK,bnf
0601011A0AAABAB,bnf
0601012V0BBAEAD,bnf
0601012V0BBAAAA,bnf
0601012S0AAALAL,bnf
0601012F0BBACAC,bnf
0601012S0BGAFAI,bnf
0601012F0BBAAAA,bnf
0601011R0AAAEAE,bnf
0601012V0AAAFAF,bnf
0601012D0BCAUBH,bnf
0601012S0BIACAI,bnf
0601012D0BGAHBW,bnf
0601012D0BCASBQ,bnf
0601011L0BBAGAF,bnf
0601012F0BBAEAA,bnf
0601012F0BBADAD,bnf
0601012D0BGABBN,bnf
0601012X0BBAAAA,bnf
0601011L0BDADAF,bnf
0601012V0AAADAD,bnf
0601012D0AAAIAI,bnf
0208010W0BCANAT,bnf
0208010L0AAADAD,bnf
0208010D0BFADAB,bnf
0208010L0AAAEAE,bnf
0208010D0BEABAB,bnf
0208010D0BDABAB,bnf
0208010L0BBAFAF,bnf
0208010L0BBAEAE,bnf
0208010L0BBADAD,bnf
0208010D0BBABAB,bnf
0208010D0BCABAB,bnf
0208010L0AAAFAF,bnf
0208010W0AAATAT,bnf
0208010D0AAABAB,bnf
0204000T0BCADAH,bnf
0208010W0AAAKAK,bnf
0208010W0AAARAR,bnf
0208010W0AAAIAI,bnf
0208010W0BCAEAI,bnf
0208010L0AAAIAI,bnf
0208010L0AAAJAJ,bnf
0208010L0BBAJAJ,bnf
0208010L0BBAIAI,bnf
0208010W0AAAJAJ,bnf
0208010W0BCAMAS,bnf
0208010W0AAASAS,bnf
0208010L0AAACAC,bnf
0208010W0BCAFAJ,bnf
0208010W0BCALAR,bnf
0208010L0BBAAAC,bnf
0208010W0BCAGAK,bnf
0208010W0AAAFAF,bnf
0208010D0BEAAAA,bnf
0208010W0BCAJAN,bnf
0208010D0AAAAAA,bnf
0208010D0BBAAAA,bnf
0208010D0BFAEAA,bnf
0208010W0AAANAN,bnf
0208010D0BDAAAA,bnf
0208010W0BCACAF,bnf
0208010D0BCAAAA,bnf
0208010D0BEAGAF,bnf
0208010D0BEADAD,bnf
0208010D0BEAFAG,bnf
0208010D0BEAEAE,bnf
0208010D0BCAGAG,bnf
0208010D0BCAFAF,bnf
0208010D0BCADAD,bnf
0208010D0BCAEAE,bnf
0208010D0BBADAD,bnf
0208010D0BBAEAE,bnf
0208010D0BFABAD,bnf
0208010D0BFAAAE,bnf
0208010D0BBAGAG,bnf
0208010D0BBAFAF,bnf
0208010D0BDAEAE,bnf
0208010D0BDADAD,bnf
0212000P0AAAEAE,bnf
0212000P0AAACAC,bnf
0212000P0AAADAD,bnf
0212000P0AAABAB,bnf
0212000ABBGAAAA,bnf
0212000ABBIAAAA,bnf
0212000ABBEAAAA,bnf
0212000K0AAACAC,bnf
0212000K0AAAAAA,bnf
0212000Y0BEACAD,bnf
0212000B0BBADAD,bnf
0212000M0AAABAB,bnf
0212000M0AAADAD,bnf
0212000M0AAAEAE,bnf
0212000B0AAANAN,bnf
0212000B0AAADAD,bnf
0212000AHAAABAB,bnf
0212000AHAAAAAA,bnf
0212000AABBACAC,bnf
0212000ADBBAAAA,bnf
0212000ADAAAAAA,bnf
0212000D0BBABAB,bnf
0212000D0BBAAAA,bnf
0212000K0BBABAA,bnf
0212000K0BBAAAA,bnf
0212000K0BBACAC,bnf
0212000D0BDAAAB,bnf
0212000Y0BBACAD,bnf
0212000Y0BBADAH,bnf
0212000AIAAABAB,bnf
0212000U0AAAYAY,bnf
0212000U0BFABAW,bnf
0212000U0BFADAY,bnf
0212000U0BFAAAV,bnf
0212000U0BFACAX,bnf
0212000ALAAAAAA,bnf
0212000AKAAAAAA,bnf
0212000Q0AAABAB,bnf
0212000Q0AAAAAA,bnf
0212000V0BBAAAA,bnf
0212000V0BBABAB,bnf
0212000Y0BDADAH,bnf
0212000Y0BDACAD,bnf
0212000AJBBABAB,bnf
0212000AJBBAAAA,bnf
0212000D0BCAAAB,bnf
0212000D0BEAAAB,bnf
0212000D0BFAAAB,bnf
0203020X0BBAAAA,bnf
0203020X0AAAAAA,bnf
0212000AIBBABAB,bnf
0212000D0AAAAAA,bnf
0212000D0AAABAB,bnf
0212000X0BBACAD,bnf
0212000P0AAAFAF,bnf
0212000AAAAACAC,bnf
0212000AGBBAAAA,bnf
0212000AGAAAAAA,bnf
0212000M0BBACAD,bnf
0212000M0BBABAB,bnf
0212000Y0AAAHAH,bnf
0212000AHBBAAAA,bnf
0212000AHBBABAB,bnf
0212000ABAAAAAA,bnf
0601023Y0BCABAD,bnf
0601023AQBBADAD,bnf
0601023ABBBAAAA,bnf
0601023ABBCAAAA,bnf
0601023AUAAAAAA,bnf
0601023ABAAAAAA,bnf
0601021M0BMAAAM,bnf
0601021M0BMABAT,bnf
0601023Y0AAADAD,bnf
0601023Y0AAACAC,bnf
0601021A0BBABAB,bnf
0601021A0BBADAD,bnf
0601021A0BBAAAA,bnf
0601021H0BKAAAA,bnf
0601023R0BDACAC,bnf
0601023R0BDABAB,bnf
0601023R0BDAAAA,bnf
0601023AKBBABAB,bnf
0601023AKBBAAAA,bnf
0601023AKBBACAC,bnf
0601023AAAAAAAA,bnf
0601023Z0AAABAB,bnf
0601023Z0AAAAAA,bnf
0601022B0BPAAAS,bnf
0601022B0BPACAV,bnf
0601022B0BPABAT,bnf
0601023AWBCACAF,bnf
0601023AWBCAAAD,bnf
0601023U0AAABAB,bnf
0601023U0AAACAC,bnf
0601021M0BFAAAM,bnf
0601021M0BFABAM,bnf
0601021M0BFACAM,bnf
0601023AGBBABAB,bnf
0601023AWAAADAD,bnf
0601023AWAAAFAF,bnf
0601021X0AAADAD,bnf
0601023APAAAAAA,bnf
0601023AMAAABAB,bnf
0601023AMAAAAAA,bnf
0601023APAAABAB,bnf
0601023V0BBADAD,bnf
0601023V0BBACAC,bnf
0601023V0BBABAB,bnf
0601023V0BBAAAA,bnf
0601021E0AAAAAA,bnf
0601021E0AAABAB,bnf
0601023AMBBABAB,bnf
0601023AMBBAAAA,bnf
0601023R0BBACAC,bnf
0601023R0BBABAB,bnf
0601023ASAAAAAA,bnf
0601023ASAAABAB,bnf
0601021A0BCAAAB,bnf
0601021A0BCABAA,bnf
0601021A0BCADAD,bnf
0601023ANBBABAB,bnf
0601023ANBBAAAA,bnf
0601021P0AAAAAA,bnf
0601021A0AAABAB,bnf
0601021A0AAADAD,bnf
0601021A0AAAAAA,bnf
0601023I0BCAAAD,bnf
0601023I0AAADAD,bnf
0601022B0BIABAV,bnf
0601022B0BIAAAS,bnf
0601023AWAAACAC,bnf
0601023AWBBACAC,bnf
0601021P0BCACAA,bnf
0601023ASBBAAAA,bnf
0601023ASBBABAB,bnf
0601021M0BQAAAM,bnf
0601021M0BQABAT,bnf
0601023U0BBABAB,bnf
0601023U0BBACAC,bnf
0601023S0AAABAB,bnf
0601023V0AAADAD,bnf
0601023V0AAACAC,bnf
0601023V0AAAAAA,bnf
0601023S0AAAAAA,bnf
0601023V0AAABAB,bnf
0601023X0BBABAB,bnf
0601023X0BBACAC,bnf
0601023X0BBAAAA,bnf
0601023R0BCAAAA,bnf
0601023R0BCABAB,bnf
0601023R0BCACAC,bnf
0601023A0BBACAA,bnf
0601023A0BBADAB,bnf
0601023AFBBAAAA,bnf
0601023AFBBABAB,bnf
0601023AQAAADAD,bnf
0601021M0BBAAAA,bnf
0601021M0BBABAM,bnf
0601022B0BNACAV,bnf
0601022B0BNABAT,bnf
0601022B0BNAAAS,bnf
0601023Y0AAAEAE,bnf
0601023Y0BCACAE,bnf
0601023AXBBABAB,bnf
0601022B0BMAAAV,bnf
0601022B0BMACAT,bnf
0601022B0BMABAS,bnf
0601022B0BBACAS,bnf
0601022B0BBADAT,bnf
0601022B0BBABAD,bnf
0601022B0BBAAAB,bnf
0601022B0BBAEAV,bnf
0601022B0BQAAAS,bnf
0601022B0BLAAAS,bnf
0601022B0BDAAAB,bnf
0601022B0BRAAAS,bnf
0202020L0BCADBI,bnf
0601023B0AAABAB,bnf
0601023B0BEABAB,bnf
0601023B0BEACAC,bnf
0601023ARBBADAD,bnf
0601023ARBBACAC,bnf
0601022B0BKAAAS,bnf
0601022B0BKACAV,bnf
0601022B0BKABAT,bnf
0601021M0BIABAM,bnf
0601021M0BIAAAR,bnf
0601021M0BNAAAM,bnf
0601023B0BDAAAB,bnf
0601023B0BDABAC,bnf
0601023ARAAACAC,bnf
0601023ARAAADAD,bnf
0601023ALBBAAAA,bnf
0601023ALBBABAB,bnf
0601023Y0BCAAAC,bnf
0601023S0BBABAB,bnf
0601023S0BBAAAA,bnf
0601021M0AAAVAV,bnf
0601021M0AAAAAA,bnf
0601021M0AAAMAM,bnf
0601023R0AAACAC,bnf
0601023R0AAABAB,bnf
0601023AXAAABAB,bnf
0601023AXAAAAAA,bnf
0601023AKAAABAB,bnf
0601023AKAAAAAA,bnf
0601023AJAAAAAA,bnf
0601023ACBBABAB,bnf
0601022B0AAAQAQ,bnf
0601022B0AAADAD,bnf
0601021H0BDAAAA,bnf
0601023A0AAAAAA,bnf
0601023A0AAABAB,bnf
0601022B0AAASAS,bnf
0601022B0AAABAB,bnf
0601022B0AAAVAV,bnf
0601023B0BCAEAB,bnf
0601023B0BCABAB,bnf
0601023AHBBAAAA,bnf
0601023AHBBABAB,bnf
0601023APBBABAB,bnf
0601023APBBAAAA,bnf
0601023X0AAABAB,bnf
0601023ADAAAAAA,bnf
0601023X0AAAAAA,bnf
0601023AIAAACAC,bnf
0601012ABAAABAB,bnf
0601012ABAAAAAA,bnf
0601012D0AABHBH,bnf
0601012D0AAA3A3,bnf
0601012D0AAAJAJ,bnf
0601012D0AABXBX,bnf
0601012D0AABWBW,bnf
0601012D0AABZBZ,bnf
0601011N0BHACAM,bnf
0601012D0AABQBQ,bnf
0601012D0AABVBV,bnf
0601012D0BBAMBZ,bnf
0601012V0BDABAA,bnf
0601012V0BDACAD,bnf
0601011A0BCAAAC,bnf
0601011A0BCABAB,bnf
0601011A0BBAFAD,bnf
0601011P0BBACAC,bnf
0601011A0BBABAB,bnf
0601011P0BBABAB,bnf
0601011A0BBAEAC,bnf
0601011P0BBAEAC,bnf
0601011A0BBADAC,bnf
0601011L0BCACAF,bnf
0601011L0BCABAC,bnf
0601011N0BKACAM,bnf
0601011N0BFAQAP,bnf
0601011N0BKABAP,bnf
0601011N0BFAJAD,bnf
0601012X0AAABAB,bnf
0601012X0AAAAAA,bnf
0601012D0AABABA,bnf
0601012D0AABUBU,bnf
0601012D0AABKBK,bnf
0601012D0AABSBS,bnf
0601012D0AABIBI,bnf
0601012D0AABYBY,bnf
0601012D0AAAZAZ,bnf
0601012D0AABNBN,bnf
0601012W0AAABAB,bnf
0601011P0AAACAC,bnf
0601011P0AAABAB,bnf
0601012V0BBADAA,bnf
0601011P0BBADAB,bnf
0601011Q0AAAAAA,bnf
0601012W0BBAAAA,bnf
0601012W0BBABAB,bnf
0601012D0BEAHBD,bnf
0601012D0BEAIBY,bnf
0601012F0AAAAAA,bnf
0601012F0AAACAC,bnf
0601011L0BBAIAF,bnf
0601011L0BDAEAF,bnf
0601012V0BCABAF,bnf
0601012ABBBAAAA,bnf
0601011Q0BBAAAA,bnf
0202020D0BBAAAE,bnf
0202080C0BBAAAA,bnf
0205052AEBBAAAA,bnf
0205052AEBBACAC,bnf
0202020L0BGAHBD,bnf
0202020L0BGAIBI,bnf
0202020D0AAAEAE,bnf
0204000ABAAADAD,bnf
020400080AAAFAF,bnf
020400080AAAEAE,bnf
020400080AAANAN,bnf
0202020L0BWAABD,bnf
0205052AEAAAAAA,bnf
0205052AEAAACAC,bnf
0202020U0BBAAAA,bnf
020400080BBADAF,bnf
020400080BBAAAB,bnf
020400080BBACAE,bnf
0202020L0AABIBI,bnf
0202020U0AAAAAA,bnf
0203020D0BFAAAA,bnf
0203020D0BFABAB,bnf
0203020D0AAAAAA,bnf
0203020D0AAABAB,bnf
0201010F0AAAEAE,bnf
0201010F0BBADAD,bnf
0201010F0AAADAD,bnf
0201010F0BEABAE,bnf
0201010F0BEAAAD,bnf
0203020I0BBADBQ,bnf
0203020I0BBACAK,bnf
0203020I0BBAAAD,bnf
0203020D0BBAAAA,bnf
0203020D0BBABAB,bnf
0204000T0BBABAC,bnf
0204000T0BBAAAB,bnf
0204000T0BBACAF,bnf
0203020I0AABQBQ,bnf
0203020D0BEAAAA,bnf
0203020D0BEABAB,bnf
0206010K0CGABAE,bnf
0206010K0CGAAAE,bnf
0204000T0BCABAE,bnf
0204000T0BCAAAC,bnf
0201010F0BBAAAE,bnf
0206010F0BKAABH,bnf
0206010F0BKABBI,bnf
0206030N0BBAAAA,bnf
0206030N0BBABAB,bnf
0206010K0BEADAE,bnf
0206010K0BEACAG,bnf
0206010I0BGAHAY,bnf
0206010I0AAAYAY,bnf
0206010K0CCABAE,bnf
0206010K0CCACAE,bnf
0206010K0CCADAE,bnf
0206010K0CCAAAE,bnf
0206010K0CSABAE,bnf
0206010K0CSAAAG,bnf
0206010I0BGAGAJ,bnf
0206010I0BGADAI,bnf
0206010I0BGAAAK,bnf
0206010F0AACGCG,bnf
0206010F0BRABCG,bnf
0206010W0BBABAB,bnf
0206010W0BBAAAA,bnf
0206010K0CUABAQ,bnf
0206010K0CUAAAP,bnf
0206010F0BUACBJ,bnf
0206010F0BUAABH,bnf
0206010F0BUABBI,bnf
0206010F0AAAVAV,bnf
0206010I0AABABA,bnf
0206010K0BWABAG,bnf
0206010K0BWACAT,bnf
0206010K0BWADAU,bnf
0206010K0BWAAAE,bnf
0206010K0CEABAG,bnf
0206010K0CEAAAE,bnf
0206010K0CIACAD,bnf
0206010K0CIABAC,bnf
0206010K0CIAAAB,bnf
0206010K0CIADAE,bnf
0206010F0BJAAAL,bnf
0206010F0BJABAP,bnf
0206010F0AAALAL,bnf
0206010I0AAAFAF,bnf
0206010F0AAAPAP,bnf
0206030Z0BBABAB,bnf
0206030Z0BBAAAA,bnf
0206030Z0BBACAC,bnf
0206030Y0AAACAC,bnf
0206010F0BHAAAF,bnf
0206010F0AAAFAF,bnf
0206010F0AAAJAJ,bnf
0206010K0BBAAAB,bnf
0206010K0BBABAC,bnf
0206010K0BBAEAH,bnf
0206010K0BBADAF,bnf
0206010K0BBACAD,bnf
0206010I0BNAAAA,bnf
0206010I0BNABAB,bnf
0206010F0BSACBI,bnf
0206010F0BSABBH,bnf
0206010F0BSADBJ,bnf
0206030Z0AAABAB,bnf
0206030Z0AAAAAA,bnf
0206030Z0AAACAC,bnf
0206010K0BVACAF,bnf
0206010K0BVABAH,bnf
0206010I0BBAAAK,bnf
0206010I0BBADAI,bnf
0206010I0BBAGAJ,bnf
0206010K0BCAAAE,bnf
0206010K0BCACAF,bnf
0206010K0BCADAG,bnf
0206010K0BCABAH,bnf
0206010I0BLACAF,bnf
0206010I0BLADAB,bnf
0206010F0BXAABH,bnf
0206010F0BXACBJ,bnf
0206010F0BXABBI,bnf
0206010K0BUACAH,bnf
0206010K0BUADAF,bnf
0206010K0BTAAAC,bnf
0206010K0BTADAB,bnf
0206010F0BIAAAJ,bnf
0206010F0BIABAK,bnf
0206010I0BGAFA0,bnf